site_id,value
SITE_1718,50.7428584776
SITE_21238,50.8357012671
SITE_1869,50.8392641532
SITE_4025,50.8170803748
SITE_4020,51.2074721304