site_id,value
SITE_1718,4.08846445619
SITE_21238,4.33753410567
SITE_1869,4.43495184056
SITE_4025,3.12665602739
SITE_4020,2.97418979047